USE ffurno;
INSERT INTO Utenti (username, nome, cognome, email, istruttore, password) VALUES
("FF", "Francesco", "Furno", "ff@gmail.com", TRUE, "$2y$10$9nlHM5NjNzE89h4wG5ZaTubsYWnEuxq.KIc6Y8ugOLtAlze6Gw5ga"),
("DDS", "Davide", "Seresin", "dds@gmail.com", TRUE, "$2y$10$9ZaPreKR53qb6BYyUgVjwOcmErSlNIRURrCa6oxj59997i9TRGa7O"),
("admin", "admin", "admin", "admin@admin.com", TRUE, "$2y$10$9nlHM5NjNzE89h4wG5ZaTubsYWnEuxq.KIc6Y8ugOLtAlze6Gw5ga"),
("user", "user", "user", "user@user.com", FALSE, "$2y$10$X35MMDlobTelAtecwiLQN.lWVi6yCvtbVKCwtWx6Lh3mcDVvvs8cm");

INSERT INTO Esercizi (nomeesercizio, immagine) VALUES
("Barbell incline bench press", "img/esercizi/Barbell_incline_bench_press.png"),
("Chest press", "img/esercizi/Chest_press.png"),
("Shoulder press", "img/esercizi/Shoulder_press.png"),
("Bench press", "img/esercizi/Bench_press.png"),
("Dumbbell press", "img/esercizi/Dumbbell_press.png"),
("Incline bench dumbbell fly", "img/esercizi/Incline_bench_dumbbell_fly.png"),
("Lateral raises", "img/esercizi/Lateral_raises.png"),
("Chest fly", "img/esercizi/Chest_fly.png"),
("Triceps dips", "img/esercizi/Triceps_dips.png"),
("Bulgarian split squat", "img/esercizi/Bulgarian_split_squat.png"),
("Back squat", "img/esercizi/Back_squat.png"),
("Lat machine", "img/esercizi/Lat_machine.png"),
("Pulley", "img/esercizi/Pulley.png"),
("Leg extension", "img/esercizi/Leg_extension.png"),
("Leg press", "img/esercizi/Leg_press.png"),
("Leg curl", "img/esercizi/Lat_curl.png"),
("Cyclette", "img/esercizi/Cyclette.png"),
("Pectoral machine", "img/esercizi/Pectoral_machine.png"),
("Tapis roulant", "img/esercizi/Tapis_roulant.png"),
("Plank", "img/esercizi/Plank.png"),
("Side plank", "img/esercizi/Side_plank.png"),
("Plank legs on fitball", "img/esercizi/Plank_legs_on_fitball.png"),
("Crunch", "img/esercizi/Crunch.png"),
("Crunch legs on fitball", "img/esercizi/Crunch_legs_on_fitball.png"),
("Crunch kettlebell", "img/esercizi/Crunch_kettlebell.png"),
("Criss cross", "img/esercizi/Criss_cross.png"),
("Abdominal crunch machine", "img/esercizi/Abdominal_crunch_machine.png"),
("Crunch hyperextension", "img/esercizi/Crunch_hyperextension.png"),
("Abductor machine", "img/esercizi/Abductor_machine.png"),
("Adductor machine", "img/esercizi/Adductor_machine.png"),
("Calf press", "img/esercizi/Calf_press.png"),
("Gluteus machine", "img/esercizi/Gluteus_machine.png"),
("Dumbbell french press", "img/esercizi/Dumbbell_french_press.png"),
("Upper back", "img/esercizi/Upper_back.png"),
("Low row", "img/esercizi/Low_row.png"),
("Dumbbell shrugs", "img/esercizi/Dumbbell_shrugs.png"),
("Barbell shrugs", "img/esercizi/Barbell_shrugs.png"),
("Barbell row", "img/esercizi/Barbell_row.png"),
("Dumbbell row", "img/esercizi/Dumbbell_row.png"),
("Two arms dumbbell row", "img/esercizi/Two_arms_dumbbell_row.png"),
("Dumbbell squat", "img/esercizi/Dumbbell_squat.png"),
("Dumbbell curl", "img/esercizi/Dumbbell_curl.png"),
("Incline bench alternate dumbbell curl", "img/esercizi/Incline_bench_alternate_dumbbell_curl.png"),
("Cable curl", "img/esercizi/Cable_curl.png"),
("Push down", "img/esercizi/Push_down.png"),
("Hack squat", "img/esercizi/Hack_squat.png"),
("Iso wall squat", "img/esercizi/Iso_wall_squat.png"),
("Arnold press", "img/esercizi/Arnold_press.png"),
("Leg raise", "img/esercizi/Leg_raise.png"),
("Push up", "img/esercizi/Push_up.png"),
("Cat cow stretch", "img/esercizi/Cat_cow_stretch.png"),
("Burpees", "img/esercizi/Burpees.png"),
("Jumping jack", "img/esercizi/Jumping_jack.png"),
("Lateral flexion stretch", "img/esercizi/Lateral_flexion_stretch.png"),
("Child pose stretch", "img/esercizi/Child_pose_stretch.png"),
("Sphinx stretch", "img/esercizi/Sphinx_stretch.png"),
("Bridge", "img/esercizi/Bridge.png"),
("Bridge legs on fitball", "img/esercizi/Bridge_legs_on_fitball.png"),
("Superman", "img/esercizi/Superman.png"),
("Hamstring stretch", "img/esercizi/Hamstring_stretch.png"),
("Abductor stretch", "img/esercizi/Abductor_stretch.png");

INSERT INTO Schede (atleta, istruttore, inizio, fine) VALUES
('user', 'admin', '2024-03-01', '2024-03-31'),
('user', 'admin', '2024-04-01', '2024-04-30'),
('user', 'admin', '2024-05-01', '2024-05-31'),
('user', 'admin', '2024-06-01', '2024-07-31'),
('user', 'admin', '2024-06-01', '2024-07-31');


INSERT INTO ESchede (ids, esercizio, ripetizioni, recupero, note) VALUES
(1, "Tapis roulant", "8 minuti", "90 secondi", ""),
(1, "Leg press", "15 x 3", "90 secondi", "Tieni la schiena a contatto con lo schienale"),
(1, "Leg curl", "12 x 3", "90 secondi", ""),
(1, "Low row", "15 x 3", "90 secondi", "Mantieni il sostegno della schiena e delle spalle"),
(1, "Chest press", "15 x 3", "90 secondi", ""),
(1, "Shoulder press", "15 x 3", "90 secondi", ""),
(1, "Dumbbell curl", "12 x 3", "90 secondi", ""),
(1, "Push down", "10 x 4", "90 secondi", "Tieni i gomiti vicino al corpo"),
(1, "Crunch legs on fitball", "18 x 3", "90 secondi", ""),
(1, "Cyclette", "6 minuti", "90 secondi", ""),

(2, "Bench press", "8 x 5", "90 secondi", "Controlla il movimento in fase di discesa"),
(2, "Pectoral machine", "12 x 5", "90 secondi", ""),
(2, "Chest fly", "10 x 5", "60 secondi", ""),
(2, "Incline bench dumbbell fly", "10 x 5", "90 secondi", ""),
(2, "Push down", "10 x 4", "90 secondi", "Tieni i gomiti vicino al corpo"),
(2, "Cable curl", "10 x 4", "90 secondi", "Non muovere le spalle"),
(2, "Abdominal crunch machine", "12 x 3", "60 secondi", ""),
(2, "Cat cow stretch", "10", "1 minuto", "Controlla il movimento del corpo"),
(2, "Child pose stretch", "3 x 30 secondi", "15 secondi", ""),

(3, "Jumping jack", "30 ripetizioni", "1 minuto", "Riscaldati bene"),
(3, "Barbell incline bench press", "12 x 4", "90 secondi", ""),
(3, "Shoulder press", "10 x 4", "90 secondi", ""),
(3, "Arnold press", "12 x 3", "90 secondi", "Non tenere le spalle alzate vicino alle orecchie"),
(3, "Dumbbell shrugs", "10 x 3", "90 secondi", "Fletti leggermente il corpo in avanti"),
(3, "Dumbbell french press", "10 x 3", "90 secondi", ""),
(3, "Crunch hyperextension", "15 per lato", "1 minuto", ""),
(3, "Lateral flexion stretch", "30 secondi per lato", "1 minuto", ""),
(3, "Sphinx stretch", "30 secondi", "1 minuto", "Lavora sulla respirazione"),

(4, "Burpees", "30 ripetizioni", "1 minuto", ""),
(4, "Superman", "30 secondi per lato", "1 minuto", ""),
(4, "Upper back", "12 x 3", "90 secondi", ""),
(4, "Pulley", "12 x 3", "90 secondi", "Tieni gli addominali"),
(4, "Lat machine", "12 x 3", "90 secondi", "Petto in fuori e schiena leggermente inarcata"),
(4, "Dumbbell row", "10 x 3 per lato", "90 secondi", "Tronco parallelo al pavimento"),
(4, "Barbell row", "12 x 3", "90 secondi", "Piega leggermente le ginocchia"),
(4, "Crunch", "30", "1 minuto", ""),
(4, "Criss cross", "15 per lato", "1 minuto", ""),
(4, "Bridge", "3 x 30 secondi", "15 secondi", "Contrai i glutei"),

(5, "Cyclette", "8 minuti", "90 secondi", ""),
(5, "Back squat", "6 x 5", "120 secondi", "Le ginocchia non devono superare le punte dei piedi"),
(5, "Gluteus machine", "10 x 3 per lato", "60 secondi", ""),
(5, "Leg extension", "12 x 3", "90 secondi", ""),
(5, "Hack squat", "12 x 3", "90 secondi", ""),
(5, "Bulgarian split squat", "10 x 3 per lato", "90 secondi", "Appoggia bene il piede sulla panca"),
(5, "Abductor machine", "12 x 3", "90 secondi", ""),
(5, "Adductor machine", "12 x 3", "90 secondi", ""),
(5, "Plank", "3 per 1 minuto", "60 secondi", "Corpo in linea dalla testa ai fianchi, fino ai talloni"),
(5, "Abductor stretch", "3 x 30 secondi", "15 secondi", ""),
(5, "Hamstring stretch", "3 x 30 secondi", "15 secondi", "Lavora sulla respirazione");
